<?xml version="1.0" encoding="UTF-8"?>

<beans xmlns="http://www.springframework.org/schema/beans"
	xmlns:xsi="http://www.w3.org/2001/XMLSchema-instance" xmlns:contex="http://www.springframework.org/schema/context"
	xmlns:tx="http://www.springframework.org/schema/tx"
	xsi:schemaLocation="http://www.springframework.org/schema/beans
    http://www.springframework.org/schema/beans/spring-beans-4.2.xsd
    http://www.springframework.org/schema/context
    http://www.springframework.org/schema/context/spring-context-4.2.xsd
    http://www.springframework.org/schema/tx
   	http://www.springframework.org/schema/tx/spring-tx-4.2.xsd">
	
	<contex:annotation-config />
	<contex:component-scan base-package="com.ayantsoft.HMS.dao.*" />
	<contex:component-scan base-package="com.ayantsoft.HMS.util.*" />
    <contex:component-scan base-package="com.ayantsoft.HMS.service.*" />
    
	<bean id="dataSource"
		class="org.springframework.jdbc.datasource.DriverManagerDataSource">
		<property name="driverClassName" value="com.mysql.jdbc.Driver" />
		<property name="username" value="root" />
		<property name="url" value="jdbc:mysql://localhost:3306/db_M_405" />
		<property name="password" value="mysql" />
	</bean>

	<bean id="hibernateTemplate" class="org.springframework.orm.hibernate4.HibernateTemplate">
		<property name="sessionFactory">
			<ref bean="sessionFactory" />
		</property>
	</bean>

	<bean id="sessionFactory"
		class="org.springframework.orm.hibernate4.LocalSessionFactoryBean">
		<property name="dataSource" ref="dataSource" />
		<property name="configLocation" value="classpath:hibernate.cfg.xml" />
	</bean>

	<tx:annotation-driven />
	<bean id="transactionManager"
		class="org.springframework.orm.hibernate4.HibernateTransactionManager">
		<property name="sessionFactory" ref="sessionFactory" />
	</bean>

</beans>
